No-Recid,Recid,priors_count,c_charge_degree,race,age_cat,sex
0.12726351618766785,0.8727365136146545,37.114591134529405,M,Other,Less than 25,Male
0.033690761774778366,0.9663092494010925,25.64548990728841,M,Caucasian,Less than 25,Male
0.695298433303833,0.3047015964984894,0.11902692339751497,M,Native American,25 - 45,Female
0.07512424141168594,0.9248757362365723,33.02547742493544,F,Other,25 - 45,Female
0.30241474509239197,0.6975852847099304,17.937841475144968,M,Native American,Greater than 45,Male
0.48047935962677,0.5195206999778748,37.56811341028913,M,Other,25 - 45,Female
0.07743663340806961,0.9225634336471558,36.34752025298565,M,Hispanic,Less than 25,Male
0.3148941695690155,0.6851058602333069,35.99356482595177,M,Native American,Greater than 45,Male
0.6772973537445068,0.32270267605781555,10.624620226505053,F,Native American,Greater than 45,Female
0.7240880727767944,0.27591195702552795,1.6603431698776017,M,Hispanic,Greater than 45,Male
0.09129560738801956,0.9087043404579163,24.90605825111891,F,Native American,Less than 25,Male
0.03858998045325279,0.9614099860191345,33.9988118287073,M,Other,Greater than 45,Female
0.9434135556221008,0.056586459279060364,18.88092450465166,F,Hispanic,25 - 45,Female
0.4142700433731079,0.5857299566268921,21.60733308763597,F,Hispanic,25 - 45,Female
0.3509158790111542,0.6490840911865234,8.370223055317318,M,Hispanic,Less than 25,Female
0.5333902835845947,0.4666096568107605,28.97846973590911,F,Other,Less than 25,Male
0.769686758518219,0.23031321167945862,0.0017528863337235023,M,Other,25 - 45,Female
0.07803739607334137,0.9219626188278198,22.477703835304887,M,Other,Less than 25,Male
0.35936301946640015,0.6406369805335999,20.082230083162443,F,Hispanic,25 - 45,Female
0.215875506401062,0.784124493598938,18.31468402005585,F,Asian,25 - 45,Male
0.3505093455314636,0.6494907140731812,4.762499439258504,F,Other,25 - 45,Male
0.7050021886825562,0.2949978709220886,13.341691868493946,F,Other,Greater than 45,Male
0.09317417442798615,0.906825840473175,24.56266819550875,F,Native American,25 - 45,Male
0.1894509494304657,0.8105490803718567,27.266499981191732,M,Native American,Less than 25,Male
0.963118851184845,0.03688119351863861,3.95762143733606,F,Asian,Greater than 45,Female
0.4203828275203705,0.5796171426773071,9.16102258384951,M,Asian,Greater than 45,Male
0.054412592202425,0.9455874562263489,30.98079359615261,F,African-American,Greater than 45,Male
0.8063008189201355,0.1936991810798645,19.745088363853306,M,Hispanic,25 - 45,Male
0.27324578166007996,0.7267542481422424,25.824715463981594,M,Asian,Greater than 45,Male
0.2455168515443802,0.754483163356781,20.292162996971893,F,African-American,Greater than 45,Male
0.4943932592868805,0.5056067109107971,13.847264471845959,F,Asian,Less than 25,Male
0.6664764285087585,0.33352357149124146,24.875925873377746,M,Other,Greater than 45,Female
0.34276509284973145,0.6572348475456238,29.71569944248111,F,Caucasian,Greater than 45,Male
0.7583019733428955,0.24169805645942688,4.0613372475861125,F,Asian,25 - 45,Female
0.14980272948741913,0.8501972556114197,27.59241996613341,F,Caucasian,Less than 25,Male
0.7187423706054688,0.281257688999176,30.980532560133305,M,Asian,25 - 45,Male
0.3863845765590668,0.6136154532432556,20.42342038407906,M,Other,Greater than 45,Female
0.3883848190307617,0.6116151809692383,26.501851400454584,F,African-American,Less than 25,Male
0.7931610941886902,0.206838920712471,3.9377849699802296,F,Asian,25 - 45,Female
0.1593131422996521,0.8406868577003479,35.902309783688445,F,Caucasian,25 - 45,Female
0.23737555742263794,0.7626244425773621,8.406627437135223,F,African-American,Greater than 45,Male
0.6798304915428162,0.32016950845718384,15.895776193863869,M,African-American,25 - 45,Female
0.26200661063194275,0.7379934191703796,29.195431215123666,M,Other,25 - 45,Female
0.31591224670410156,0.6840877532958984,19.63746112257924,F,African-American,25 - 45,Male
0.9542128443717957,0.045787155628204346,1.0691145002998415,F,Hispanic,Greater than 45,Female
0.6531190872192383,0.34688088297843933,22.950333327459454,F,Asian,25 - 45,Female
0.78326016664505,0.21673981845378876,13.159502198991891,M,Asian,25 - 45,Female
0.9418582916259766,0.058141712099313736,0.6766338660686653,M,Native American,Greater than 45,Male
0.7331033945083618,0.2668966054916382,17.56627102024862,F,Other,Greater than 45,Female
0.4512268900871277,0.5487731695175171,33.81310860624072,F,Caucasian,Greater than 45,Female
0.11669975519180298,0.883300244808197,35.647183164629816,F,Asian,Less than 25,Male
0.2620246410369873,0.7379753589630127,33.06350834082602,M,Other,Less than 25,Male
0.3762892484664917,0.6237107515335083,20.416241728801133,F,Asian,25 - 45,Male
0.4620109796524048,0.5379890203475952,15.400647588813824,M,Asian,Less than 25,Female
0.4854097068309784,0.5145902633666992,31.112124758477638,M,Asian,Less than 25,Male
0.41820743680000305,0.5817925930023193,16.477248188376823,M,Other,25 - 45,Male
0.48886969685554504,0.5111303329467773,10.162418601468428,F,Native American,25 - 45,Female
0.7050698399543762,0.2949301600456238,35.87140784806569,F,Asian,Greater than 45,Female
0.6806796193122864,0.31932035088539124,21.240073340637814,F,Hispanic,Less than 25,Female
0.6573784351348877,0.3426215648651123,31.010443064087507,F,Other,Greater than 45,Male
0.363496869802475,0.6365032196044922,23.10777184936449,F,Asian,Greater than 45,Male
0.8090080618858337,0.19099193811416626,15.89372529332696,M,Asian,Greater than 45,Female
0.6846227645874023,0.31537723541259766,10.52367040883374,F,Other,Less than 25,Female
0.5431045889854431,0.4568954110145569,33.45294986502572,M,Asian,25 - 45,Male
0.20212046802043915,0.7978794574737549,26.370650540865906,F,Native American,25 - 45,Female
0.11007489264011383,0.8899250626564026,26.703549478932857,F,Other,Less than 25,Male
0.1919887363910675,0.8080112338066101,26.832568278369575,M,Native American,Greater than 45,Female
0.32399287819862366,0.6760071516036987,20.051024103842693,F,Caucasian,Less than 25,Male
0.3219362795352936,0.678063690662384,6.640012420949765,M,Native American,Greater than 45,Male
0.8837403059005737,0.11625969409942627,10.621885433573704,M,Caucasian,25 - 45,Female
0.566410481929779,0.43358954787254333,1.358670909414363,F,Caucasian,Less than 25,Female
0.22577215731143951,0.7742277979850769,19.26462250227524,F,Asian,Less than 25,Female
0.09186093509197235,0.9081391096115112,10.130205777182303,F,Native American,Less than 25,Male
0.19264516234397888,0.8073548078536987,25.988983547185967,M,Native American,Less than 25,Male
0.94000643491745,0.05999356880784035,8.665696233404166,F,Native American,Greater than 45,Male
0.4732412099838257,0.5267587900161743,22.384553011273642,F,African-American,Greater than 45,Female
0.7649683952331543,0.2350315898656845,15.899403577376534,F,Asian,Greater than 45,Male
0.364694744348526,0.6353052258491516,26.02354128276111,M,Other,Less than 25,Male
0.2283870130777359,0.7716130018234253,33.07195886222259,F,Hispanic,Greater than 45,Female
0.08119489997625351,0.9188051223754883,37.274139213841806,F,Other,Greater than 45,Male
0.027501976117491722,0.9724979996681213,36.14249360093955,F,Hispanic,Less than 25,Male
0.16662995517253876,0.8333700299263,34.25204814404679,F,African-American,Greater than 45,Female
0.645854115486145,0.3541458249092102,22.31660032911204,F,African-American,Less than 25,Male
0.14696244895458221,0.8530375361442566,33.350156913927215,F,Native American,25 - 45,Male
0.5741147398948669,0.42588526010513306,2.165894874711505,M,Native American,Less than 25,Female
0.2954384684562683,0.7045615911483765,23.17697805688748,M,Caucasian,Less than 25,Male
0.4329756796360016,0.567024290561676,11.019584989268816,F,Hispanic,Less than 25,Female
0.16090404987335205,0.8390958905220032,35.68509850747069,F,Caucasian,Less than 25,Female
0.7107686400413513,0.28923141956329346,19.599939299995974,M,Other,Greater than 45,Male
0.6131025552749634,0.3868974447250366,26.633624739041004,F,Other,Less than 25,Female
0.5500326156616211,0.4499673545360565,11.605504847826799,F,Caucasian,25 - 45,Female
0.18194060027599335,0.8180594444274902,12.903173354469105,M,Hispanic,Less than 25,Female
0.5672004222869873,0.43279963731765747,10.676186138805608,F,Native American,25 - 45,Male
0.19776053726673126,0.8022394776344299,36.89189870920012,F,Native American,Greater than 45,Female
0.6109751462936401,0.38902491331100464,8.495283360758602,F,Asian,Less than 25,Female
0.8609703183174133,0.1390295922756195,0.6754538746213266,F,Hispanic,25 - 45,Male
0.5348389744758606,0.46516096591949463,19.53026372285173,F,Caucasian,Greater than 45,Female
0.40571165084838867,0.5942883491516113,14.86636733584567,F,African-American,Greater than 45,Female
0.35724982619285583,0.6427501440048218,12.753292996397104,F,Caucasian,Less than 25,Female
0.6165270805358887,0.38347291946411133,19.94402539766472,M,Caucasian,25 - 45,Male
0.019131986424326897,0.9808680415153503,33.71678537406736,M,African-American,Less than 25,Male
0.10551084578037262,0.8944891691207886,35.37018630454725,M,African-American,25 - 45,Male
0.07807572931051254,0.9219242334365845,31.956149372978462,F,Hispanic,Less than 25,Male
0.8219346404075623,0.17806540429592133,13.678285139809173,M,Asian,Less than 25,Male
0.7680941224098206,0.23190581798553467,19.21697937642177,M,Other,Greater than 45,Female
0.6062134504318237,0.3937865197658539,6.3003801019895,M,Native American,25 - 45,Male
0.06249295920133591,0.9375070929527283,32.842681851268146,F,African-American,Greater than 45,Female
0.7490181922912598,0.250981867313385,13.341989831025058,M,Asian,Greater than 45,Female
0.44068410992622375,0.5593158602714539,23.61367177230107,F,Other,Greater than 45,Male
0.50299072265625,0.49700927734375,12.931241367167035,F,African-American,Greater than 45,Male
0.6836109161376953,0.3163890838623047,15.900523525206617,M,Other,25 - 45,Female
0.30471035838127136,0.695289671421051,13.395531661409759,F,Hispanic,Greater than 45,Male
0.15667134523391724,0.8433286547660828,29.97261554824773,M,African-American,25 - 45,Female
0.19987192749977112,0.8001280426979065,22.148560396614798,M,African-American,Less than 25,Female
0.23558185994625092,0.7644181847572327,19.24246792658036,F,Asian,Less than 25,Male
0.9247874021530151,0.07521261274814606,5.360988824475689,M,Other,Greater than 45,Female
0.3429417610168457,0.6570581793785095,36.96392476673599,F,Other,Less than 25,Female
0.7032040357589722,0.2967960238456726,12.70257280738686,M,Other,25 - 45,Male
0.2831149101257324,0.7168850898742676,24.53026132785098,M,Native American,Greater than 45,Male
0.5398386120796204,0.460161417722702,13.000154265003603,F,African-American,25 - 45,Male
0.5793836712837219,0.4206162989139557,15.562292715232516,M,Native American,25 - 45,Male
0.2965656816959381,0.7034343481063843,23.557734844190826,F,African-American,Less than 25,Female
0.2330981343984604,0.7669018507003784,21.770681052082313,F,Native American,Less than 25,Male
0.46061596274375916,0.5393840670585632,13.711126731011031,M,African-American,Less than 25,Female
0.4701327979564667,0.5298671722412109,29.38724812599736,M,African-American,Greater than 45,Female
0.9382454752922058,0.06175447255373001,0.6491207085473618,F,Asian,Greater than 45,Female
0.815979540348053,0.18402045965194702,0.8027389458842409,F,Hispanic,Greater than 45,Male
0.4274256229400635,0.5725743770599365,16.721560275361732,F,African-American,Greater than 45,Female
0.18159455060958862,0.8184053897857666,19.093593332843966,F,Caucasian,Less than 25,Male
0.8455473780632019,0.15445265173912048,1.5614312122436316,M,African-American,Greater than 45,Male
0.07103265821933746,0.9289673566818237,36.35664181941994,F,Hispanic,Less than 25,Female
0.5637335777282715,0.4362664520740509,23.49925330240466,M,Caucasian,Greater than 45,Female
0.5368199348449707,0.4631801247596741,5.219239928547721,M,Caucasian,Greater than 45,Male
0.6475075483322144,0.35249248147010803,14.105338423571546,F,Hispanic,Greater than 45,Male
0.5982092022895813,0.4017907977104187,24.15792297938632,F,African-American,25 - 45,Female
0.18385611474514008,0.8161439299583435,29.676751454520367,M,Asian,Greater than 45,Male
0.25054070353507996,0.7494593262672424,20.858992143858035,F,Caucasian,Less than 25,Female
0.9309179782867432,0.06908207386732101,5.672602561727159,F,Native American,Greater than 45,Male
0.10226909071207047,0.8977309465408325,37.06782286781235,F,Other,25 - 45,Female
0.14350494742393494,0.8564950227737427,37.09180284919723,F,African-American,25 - 45,Female
0.755999743938446,0.24400030076503754,24.25281138907703,M,Hispanic,Greater than 45,Female
0.7974357008934021,0.2025642842054367,15.969637173474778,F,Asian,Greater than 45,Female
0.11941996216773987,0.8805800676345825,36.870566383675154,F,Hispanic,Less than 25,Female
0.4607140123844147,0.5392859578132629,15.51958091021079,M,Hispanic,Less than 25,Male
0.21042118966579437,0.7895788550376892,30.95642306471581,F,Hispanic,25 - 45,Male
0.4300367832183838,0.5699632167816162,5.936365813011792,M,Hispanic,25 - 45,Male
0.7284145355224609,0.27158546447753906,10.746851890024226,M,African-American,25 - 45,Female
0.8040773272514343,0.19592267274856567,15.569514328139073,F,Other,25 - 45,Male
0.32490265369415283,0.6750972867012024,12.601065263261772,M,Caucasian,25 - 45,Female
0.5684497356414795,0.4315502643585205,23.110049364546448,F,African-American,25 - 45,Female
0.32741954922676086,0.6725804209709167,14.81287615059125,F,African-American,25 - 45,Female
0.46319758892059326,0.5368024110794067,26.2727295813065,M,Asian,Less than 25,Male
0.26079121232032776,0.7392088174819946,25.073062997944994,M,Other,Greater than 45,Male
0.32980915904045105,0.6701908707618713,24.04399786388523,F,African-American,25 - 45,Male
0.7327563762664795,0.2672436237335205,11.493655893337515,F,African-American,Less than 25,Female
0.7205621600151062,0.2794378697872162,15.271284299580836,F,Caucasian,Less than 25,Male
0.25331786274909973,0.7466821670532227,22.023878827733093,F,Hispanic,Less than 25,Male
0.7311139702796936,0.2688860297203064,17.08351282985017,M,Asian,Greater than 45,Female
0.36455038189888,0.6354495882987976,30.264731763529525,M,African-American,Less than 25,Female
0.7350962162017822,0.26490381360054016,10.061704327051064,M,Other,Greater than 45,Female
0.16161112487316132,0.8383888602256775,37.526655183015535,F,Caucasian,Greater than 45,Male
0.7197651267051697,0.28023481369018555,16.941391795057818,F,Other,25 - 45,Male
0.2167312651872635,0.7832687497138977,20.183236054837334,M,Other,Less than 25,Female
0.168301060795784,0.8316989541053772,15.366428794718566,F,Hispanic,25 - 45,Male
0.7065616250038147,0.29343828558921814,5.532720442033157,F,Caucasian,Less than 25,Female
0.4069654047489166,0.593034565448761,15.567420931761074,F,Other,25 - 45,Male
0.33463767170906067,0.6653622388839722,34.72787205901464,F,Native American,Greater than 45,Male
0.257762610912323,0.742237389087677,33.0353328069934,F,Caucasian,25 - 45,Male
0.7132362127304077,0.2867637574672699,12.375599882903295,M,African-American,Greater than 45,Female
0.6252902746200562,0.37470969557762146,23.615526289208567,M,Other,25 - 45,Female
0.27083081007003784,0.7291692495346069,18.08774924356603,F,African-American,Greater than 45,Female
0.11801435798406601,0.8819856643676758,29.995111283353364,F,Hispanic,25 - 45,Male
0.08321862667798996,0.9167813658714294,28.984040254378918,F,African-American,25 - 45,Female
0.6319581866264343,0.36804184317588806,10.801758916940214,M,Caucasian,Less than 25,Female
0.3781590759754181,0.6218409538269043,18.36295359554577,F,Other,25 - 45,Male
0.8060219883918762,0.19397802650928497,2.7545009258197997,M,Hispanic,25 - 45,Male
0.44700321555137634,0.5529967546463013,29.777591962479786,M,Caucasian,Less than 25,Male
0.14825376868247986,0.8517462015151978,16.2796681744619,F,Caucasian,Less than 25,Male
0.4741395115852356,0.5258605480194092,17.89542281901532,F,Caucasian,Greater than 45,Male
0.3924402892589569,0.6075597405433655,6.237049881793902,F,Other,Less than 25,Male
0.7763965725898743,0.22360338270664215,12.122661468092778,M,Asian,Greater than 45,Male
0.7809818983078003,0.21901805698871613,15.99073244261319,M,Hispanic,Greater than 45,Female
0.06735686212778091,0.9326431155204773,31.99765467802024,F,African-American,Greater than 45,Male
0.8420925140380859,0.15790754556655884,12.506684072091536,M,Asian,25 - 45,Female
0.23660710453987122,0.7633928656578064,25.793248068868262,F,Other,25 - 45,Male
0.11856923252344131,0.8814307451248169,6.1160191957464045,M,Native American,Less than 25,Female
0.16870832443237305,0.8312916159629822,19.589742179640265,F,Native American,25 - 45,Female
0.6175776720046997,0.38242238759994507,28.63095574173374,F,Other,25 - 45,Female
0.9393704533576965,0.06062953546643257,14.55684309940967,M,Other,Greater than 45,Male
0.879058301448822,0.12094168365001678,0.9989652148800139,M,Native American,Greater than 45,Male
0.1190725713968277,0.8809274435043335,36.326892373134434,M,Asian,25 - 45,Female
0.6189878582954407,0.3810121417045593,18.939117742720214,F,African-American,Greater than 45,Female
0.052769023925065994,0.9472309350967407,33.11555467479369,M,Native American,25 - 45,Female
0.8594147562980652,0.14058531820774078,0.12013021359007148,F,Asian,25 - 45,Female
0.6890765428543091,0.3109234869480133,2.5614681379296598,M,Other,25 - 45,Male
0.2675136923789978,0.732486367225647,28.72561309185841,M,Native American,Greater than 45,Female
0.5088361501693726,0.49116387963294983,16.005584834656695,M,African-American,Less than 25,Female
0.1323854625225067,0.8676145076751709,30.096123647199825,M,Caucasian,Less than 25,Female
0.23608511686325073,0.7639148831367493,20.79329384696925,F,African-American,Less than 25,Male
0.2570708692073822,0.7429291605949402,36.75994896002805,M,Caucasian,Greater than 45,Male
0.948296070098877,0.05170389264822006,3.6908197988620484,M,Caucasian,Greater than 45,Male
0.6250666975975037,0.3749332129955292,5.319725083819174,F,Hispanic,Greater than 45,Male
0.4805251657962799,0.5194748640060425,37.04534051792519,M,Hispanic,Greater than 45,Female
0.3315940499305725,0.6684059500694275,17.605842151521458,M,Native American,25 - 45,Male
0.768454909324646,0.2315451204776764,6.379225907613674,M,Hispanic,Less than 25,Female
0.20945394039154053,0.7905460000038147,20.56231571310532,F,Asian,25 - 45,Female
0.6875161528587341,0.3124838173389435,16.61140949487103,F,Hispanic,25 - 45,Female
0.8309522867202759,0.16904771327972412,1.8569044844199833,M,African-American,Greater than 45,Male
0.04524882137775421,0.954751193523407,31.72057806952973,F,Native American,Less than 25,Female
0.6571613550186157,0.34283867478370667,9.894973358472429,M,Caucasian,Less than 25,Female
0.46926915645599365,0.5307308435440063,5.887754397226022,F,Native American,Greater than 45,Male
0.8396638631820679,0.16033609211444855,27.19237725212755,M,African-American,Greater than 45,Female
0.2473861426115036,0.7526138424873352,26.757122374105002,M,Caucasian,Greater than 45,Male
0.8940680027008057,0.10593197494745255,7.926315136641276,M,Other,Greater than 45,Male
0.7737744450569153,0.22622554004192352,26.712014228691825,M,Other,Greater than 45,Male
0.7253742814064026,0.2746257185935974,13.14461522051675,M,Other,Greater than 45,Male
0.43634483218193054,0.5636552572250366,11.634886323444436,F,African-American,Greater than 45,Male
0.6089706420898438,0.3910294473171234,24.946914831339488,F,African-American,Greater than 45,Female
0.558573305606842,0.44142666459083557,2.8830236192743226,F,Hispanic,Less than 25,Male
0.1862604320049286,0.813739538192749,37.03777954656918,F,Hispanic,Greater than 45,Female
0.09855242818593979,0.901447594165802,25.034624124541466,M,Hispanic,Less than 25,Male
0.4625909924507141,0.5374090075492859,23.821138573270602,M,Hispanic,25 - 45,Female
0.5603475570678711,0.4396524727344513,0.12434625146238032,F,African-American,25 - 45,Male
0.5520942211151123,0.4479057788848877,27.965011449874,F,Native American,25 - 45,Female
0.5502800941467285,0.44971993565559387,13.42428661145047,F,Other,Less than 25,Female
0.14151647686958313,0.8584834933280945,28.4173886017872,M,Caucasian,Less than 25,Male
0.5876129865646362,0.41238704323768616,6.590173744540344,M,African-American,25 - 45,Male
0.43050453066825867,0.5694954991340637,29.256759361700677,F,Asian,Greater than 45,Male
0.8242939710617065,0.17570604383945465,2.506612325004637,F,Hispanic,Less than 25,Female
0.35549405217170715,0.6445059776306152,37.993448699840464,F,Hispanic,Greater than 45,Male
0.5001557469367981,0.4998442232608795,5.382884127322686,M,Hispanic,Less than 25,Male
0.3832762539386749,0.6167237162590027,23.028312277208954,F,African-American,25 - 45,Male
0.5244665145874023,0.47553351521492004,10.846278547713233,F,Other,Less than 25,Female
0.19875624775886536,0.8012436628341675,14.742621758494634,M,Native American,Greater than 45,Female
0.1475905478000641,0.8524094223976135,37.57354040342118,M,Asian,25 - 45,Male
0.11907488107681274,0.880925178527832,27.502168066651567,F,Caucasian,25 - 45,Female
0.4318408966064453,0.5681591033935547,30.52982796181811,M,Hispanic,Greater than 45,Male
0.4723966717720032,0.5276033878326416,18.276408580083494,F,Asian,25 - 45,Male
0.9451818466186523,0.054818157106637955,1.5104995285103395,M,Asian,25 - 45,Male
0.8300223350524902,0.16997773945331573,9.966569635430568,M,Asian,Greater than 45,Male
0.45293310284614563,0.5470668077468872,28.705917027034104,M,Other,25 - 45,Female
0.8462548851966858,0.15374509990215302,2.9023080327357307,M,Asian,Greater than 45,Female
0.1563720852136612,0.8436279892921448,4.855133426492069,F,African-American,Less than 25,Male
0.19025377929210663,0.8097462058067322,37.106313284576956,M,African-American,Less than 25,Male
0.731528639793396,0.2684713304042816,13.772710582186544,M,Asian,25 - 45,Male
0.9519564509391785,0.048043496906757355,2.595500074010844,M,Asian,Greater than 45,Female
0.43440499901771545,0.5655949711799622,27.204432101721824,M,Caucasian,Greater than 45,Female
0.32290729880332947,0.6770926713943481,27.07667449718458,M,Other,Greater than 45,Female
0.2845917046070099,0.7154083847999573,26.040944600244217,F,Hispanic,Less than 25,Female
0.636729896068573,0.3632701337337494,4.7363070285433135,F,Caucasian,Less than 25,Male
0.2981439530849457,0.7018560171127319,20.454610522495372,F,Native American,Greater than 45,Female
0.7900155782699585,0.2099844515323639,29.072739837780677,M,Other,25 - 45,Female
0.5404980778694153,0.4595019519329071,14.869697723374658,F,African-American,Less than 25,Female
0.3915546238422394,0.608445405960083,37.43737135367288,M,Caucasian,Greater than 45,Female
0.6477807760238647,0.35221928358078003,19.793837762559182,M,Caucasian,25 - 45,Male
0.20483505725860596,0.7951648831367493,23.65609494993336,M,African-American,Less than 25,Male
0.019152957946062088,0.9808470606803894,28.87962080162764,M,Hispanic,Less than 25,Male
0.679349422454834,0.32065054774284363,7.502269591696275,F,Hispanic,Less than 25,Male
0.35483962297439575,0.645160436630249,14.206833361371666,F,Native American,25 - 45,Male
0.6064083576202393,0.3935917019844055,0.9420472411645686,M,Native American,25 - 45,Male
0.060393016785383224,0.9396069645881653,27.082663273818582,M,African-American,Less than 25,Male
0.1311720609664917,0.8688279986381531,35.90050595276186,M,Other,Less than 25,Female
0.41410505771636963,0.5858949422836304,20.32611179324437,F,Native American,Greater than 45,Male
0.463069349527359,0.5369306206703186,11.99295888399124,F,Asian,25 - 45,Male
0.6326700448989868,0.36732998490333557,15.808088802163955,F,Hispanic,Greater than 45,Male
0.8202216029167175,0.17977842688560486,23.288542462405587,M,Native American,Greater than 45,Female
0.8897032737731934,0.11029677838087082,20.543190811036954,F,Other,Less than 25,Female
0.7416785955429077,0.2583214342594147,12.849285871082477,M,Caucasian,25 - 45,Male
0.0625281035900116,0.937471866607666,24.08851600872935,F,Native American,Less than 25,Male
0.786907970905304,0.21309207379817963,12.488983263583362,M,Caucasian,25 - 45,Female
0.07563658058643341,0.924363374710083,36.966596012525436,F,African-American,25 - 45,Male
0.25545787811279297,0.744542121887207,19.816778518912923,F,Other,25 - 45,Male
0.48769405484199524,0.5123059153556824,27.033773868389805,F,Other,Greater than 45,Male
0.2730274498462677,0.7269725203514099,18.080914722281722,M,Other,25 - 45,Female
0.14671297371387482,0.8532869815826416,36.02824339652909,F,Hispanic,25 - 45,Female
0.844123125076294,0.15587684512138367,4.015944430997937,F,Hispanic,25 - 45,Male
0.7487343549728394,0.25126564502716064,5.514694105740483,F,Other,Less than 25,Male
0.23461973667144775,0.765380322933197,35.22570321390626,F,Hispanic,Less than 25,Female
0.3757641613483429,0.6242358684539795,26.956941691184618,M,Other,25 - 45,Female
0.568318784236908,0.43168118596076965,6.781677465398746,M,African-American,Less than 25,Female
0.024326860904693604,0.9756730794906616,32.05323472170872,F,Native American,Less than 25,Male
0.09419499337673187,0.9058050513267517,31.691143369027458,M,Asian,Less than 25,Male
0.34141024947166443,0.658589780330658,21.73644723776971,F,Caucasian,25 - 45,Female
0.42346182465553284,0.5765381455421448,26.791524272495984,F,Asian,25 - 45,Female
0.9316853284835815,0.06831463426351547,1.2406794030632247,F,Caucasian,25 - 45,Female
0.23054131865501404,0.7694587111473083,16.989211921790364,M,Native American,Greater than 45,Male
0.8589537739753723,0.14104624092578888,0.17152495230390197,M,Other,Greater than 45,Female
0.832406759262085,0.16759324073791504,21.788772524670538,F,Hispanic,Greater than 45,Female
0.30514323711395264,0.6948567628860474,35.68041587002323,M,Asian,Less than 25,Male
0.9099921584129333,0.09000781923532486,1.0813873887786243,F,Native American,Less than 25,Female
0.033590901643037796,0.9664091467857361,27.186065891207456,M,Native American,Less than 25,Female
0.5221561789512634,0.47784388065338135,22.82182551698402,M,African-American,25 - 45,Female
0.15141801536083221,0.8485819697380066,17.477098550250368,F,Native American,Greater than 45,Male
0.5575364828109741,0.44246354699134827,17.313744797728603,M,Asian,Greater than 45,Female
0.5496635437011719,0.4503364861011505,37.51626191290864,F,Asian,Greater than 45,Male
0.29884862899780273,0.7011513710021973,26.813333266428007,F,African-American,Less than 25,Female
0.6732385754585266,0.3267614245414734,25.661276622581667,F,African-American,Greater than 45,Female
0.34503278136253357,0.6549672484397888,22.276354974555947,F,Hispanic,Less than 25,Female
0.7778035998344421,0.22219637036323547,19.191316104851047,M,Caucasian,Greater than 45,Female
0.5720503330230713,0.4279496371746063,32.75893360469564,M,Asian,Greater than 45,Female
0.7553911209106445,0.2446088194847107,14.074878733959576,M,Other,25 - 45,Male
0.69228196144104,0.30771803855895996,7.457778946824899,M,African-American,25 - 45,Female
0.7543902397155762,0.2456098049879074,26.881243561058714,F,Hispanic,Greater than 45,Male
0.5803008079528809,0.41969919204711914,12.947381251190274,F,Other,Greater than 45,Male
0.4912128150463104,0.508787214756012,14.344916956015787,F,Caucasian,25 - 45,Male
0.589214026927948,0.4107859432697296,27.52167258027681,M,Caucasian,Greater than 45,Male
0.6183128356933594,0.3816872239112854,18.341938374789304,M,Hispanic,Greater than 45,Female
0.335700660943985,0.6642993688583374,24.57112582865026,M,Caucasian,25 - 45,Male
0.6428371071815491,0.35716280341148376,15.321908191017462,M,Caucasian,Less than 25,Male
0.6628815531730652,0.3371185064315796,12.77113469931038,F,African-American,Greater than 45,Male
0.03114723414182663,0.9688527584075928,34.93719517472291,F,African-American,Less than 25,Male
0.7351329326629639,0.26486700773239136,10.823944916633847,M,African-American,Greater than 45,Male
0.5906370878219604,0.40936288237571716,7.399578406230725,M,Asian,Less than 25,Female
0.2949722707271576,0.70502769947052,34.662806394821196,M,African-American,Greater than 45,Female
0.5177842974662781,0.48221567273139954,11.070872938677518,M,Other,Less than 25,Female
0.5311470627784729,0.46885302662849426,29.678209017007024,F,Asian,Less than 25,Male
0.41545549035072327,0.5845444798469543,5.218247200295176,M,Caucasian,Less than 25,Male
0.0972154513001442,0.902784526348114,25.73707525830007,M,African-American,25 - 45,Male
0.2666851282119751,0.7333148717880249,29.986618410695737,F,African-American,25 - 45,Female
0.9285785555839539,0.07142147421836853,13.35579174345861,M,Native American,25 - 45,Female
0.1261434257030487,0.8738565444946289,10.923515643180863,F,African-American,Less than 25,Male
0.15171293914318085,0.848287045955658,35.685279382937416,F,Other,Less than 25,Female
0.3496200144290924,0.65038001537323,18.448231508051183,M,African-American,Less than 25,Male
0.30430057644844055,0.6956994533538818,17.84410624546472,F,Native American,Less than 25,Female
0.9666560292243958,0.03334401175379753,7.152113470000441,M,Asian,Greater than 45,Female
0.904531717300415,0.09546834230422974,18.7399335360576,M,Other,25 - 45,Male
0.3209094703197479,0.6790905594825745,19.19056305130804,M,Hispanic,Less than 25,Female
0.5114161968231201,0.4885838031768799,18.647996441053618,M,Asian,Greater than 45,Male
0.8293665647506714,0.1706334501504898,6.846705638112059,M,Hispanic,Greater than 45,Male
0.9668920040130615,0.03310801461338997,12.607502709849143,M,Native American,Greater than 45,Female
0.47585707902908325,0.5241429209709167,36.14389896801197,F,Caucasian,25 - 45,Male
0.9521352052688599,0.047864872962236404,0.37586249245997805,M,Native American,25 - 45,Female
0.5380542278289795,0.4619458019733429,21.587464698770987,M,Caucasian,Greater than 45,Male
0.8146809935569763,0.18531905114650726,16.847497174641383,M,Other,Greater than 45,Male
0.5174919962882996,0.48250800371170044,15.764033177052463,M,Asian,Less than 25,Male
0.04065551981329918,0.9593445062637329,31.391551191826107,M,African-American,Less than 25,Female
0.38934326171875,0.6106567978858948,31.55340600394263,M,Other,Greater than 45,Female
0.4537780284881592,0.5462219715118408,5.59706072116307,M,Caucasian,Less than 25,Female
0.33675792813301086,0.663241982460022,21.122621657426308,F,African-American,Less than 25,Female
0.6166461706161499,0.3833537995815277,15.930256823045172,M,Asian,Greater than 45,Male
0.12439343333244324,0.8756065964698792,29.06423384706584,M,Caucasian,Less than 25,Female
0.3210139870643616,0.6789860129356384,14.848618597361096,M,Hispanic,Less than 25,Male
0.4464465081691742,0.5535535216331482,13.922621010951609,M,Caucasian,Greater than 45,Male
0.4758705496788025,0.5241293907165527,23.68991481348311,F,Caucasian,Greater than 45,Female
0.5540688633918762,0.445931077003479,1.5784124952705485,M,Other,Less than 25,Female
0.40096935629844666,0.599030613899231,0.8596691633827129,F,Caucasian,25 - 45,Male
0.29539284110069275,0.7046071290969849,8.518545311303978,M,Native American,Greater than 45,Female
0.6003538370132446,0.39964616298675537,23.937162678683688,M,Other,Less than 25,Female
0.0181532371789217,0.9818467497825623,36.176883212878494,F,Native American,Less than 25,Male
0.3890850841999054,0.610914945602417,28.666456838379414,M,Asian,Greater than 45,Male
0.3375965654850006,0.662403404712677,22.293349793579416,M,Other,25 - 45,Male
0.36914312839508057,0.6308568120002747,26.994027175167133,M,African-American,Less than 25,Female
0.8284869194030762,0.17151306569576263,6.25926632140465,M,Other,25 - 45,Female
0.2927093207836151,0.7072906494140625,34.14189528581728,M,Asian,Greater than 45,Female
0.5786897540092468,0.4213102459907532,21.24640243353348,F,Native American,Greater than 45,Male
0.22381728887557983,0.7761827111244202,35.30992434811432,F,Other,Greater than 45,Male
0.6103412508964539,0.3896588087081909,19.831108306169984,M,Caucasian,Less than 25,Male
0.7615463137626648,0.23845364153385162,3.660754760650687,M,Caucasian,Greater than 45,Male
0.454975426197052,0.545024573802948,18.746932526269628,M,African-American,Greater than 45,Male
0.30579251050949097,0.694207489490509,24.871351881929392,M,Native American,Less than 25,Male
0.130022794008255,0.8699771761894226,23.11954750187453,F,African-American,25 - 45,Male
0.5260673761367798,0.473932683467865,23.718827380881176,M,Caucasian,25 - 45,Male
0.051563456654548645,0.9484364986419678,21.88751365822919,M,African-American,Less than 25,Male
0.10310002416372299,0.8968999981880188,33.670730516242664,M,Native American,Greater than 45,Male
0.5760398507118225,0.4239601194858551,18.03358652731772,M,Native American,Greater than 45,Female
0.3621453642845154,0.6378546953201294,22.10237915126985,M,Caucasian,Less than 25,Female
0.2121802717447281,0.7878196835517883,26.768418764534665,F,African-American,25 - 45,Female
0.4894030690193176,0.5105969309806824,27.16910153605532,M,African-American,Greater than 45,Male
0.1921861171722412,0.807813823223114,31.744413997975016,M,Hispanic,Less than 25,Male
0.20879817008972168,0.7912018299102783,16.528168674210157,M,Native American,Less than 25,Male
0.1259392946958542,0.8740606904029846,23.374860731059236,M,Other,25 - 45,Male
0.3972521126270294,0.602747917175293,17.422437668433716,M,Native American,25 - 45,Female
0.20425857603549957,0.7957414984703064,29.353683278656597,F,Other,Less than 25,Female
0.855879545211792,0.1441204845905304,1.838667365179316,M,Native American,25 - 45,Male
0.9116782546043396,0.08832168579101562,2.4317335898529944,F,Native American,25 - 45,Male
0.9637718796730042,0.03622807189822197,7.1711126364948266,M,Hispanic,Greater than 45,Female
0.28587406873703003,0.7141259908676147,37.88917201312922,M,African-American,Less than 25,Female
0.7460851669311523,0.25391480326652527,5.93390617550139,F,Caucasian,Greater than 45,Female
0.21924953162670135,0.7807504534721375,27.568036233073254,M,African-American,Greater than 45,Male
0.8661110997200012,0.13388893008232117,5.797538950589987,M,African-American,Greater than 45,Male
0.7625317573547363,0.23746822774410248,17.340853892754982,F,Caucasian,25 - 45,Male
0.6895729303359985,0.31042709946632385,7.364684709722419,F,Caucasian,Greater than 45,Male
0.9582140445709229,0.04178602620959282,7.793922860466873,M,Other,Greater than 45,Male
0.6655682325363159,0.3344317376613617,20.596052472781253,F,Asian,25 - 45,Male
0.10108989477157593,0.8989100456237793,33.16487312478494,M,African-American,Less than 25,Male
0.6284748315811157,0.3715251684188843,10.949516475296265,F,Other,25 - 45,Male
0.05260471627116203,0.9473952651023865,25.166420608115356,F,Hispanic,Less than 25,Male
0.03488319739699364,0.9651167988777161,33.034839127810415,M,Caucasian,Less than 25,Female
0.15908865630626678,0.8409113883972168,36.76406867395874,M,Native American,Greater than 45,Male
0.786099374294281,0.21390067040920258,20.828034632461662,M,Hispanic,Greater than 45,Male
0.8671035170555115,0.1328965127468109,11.825280118184514,F,Other,Greater than 45,Female
0.35531386733055115,0.6446861028671265,20.26000015214075,M,Caucasian,25 - 45,Male
0.5671928524971008,0.43280717730522156,32.648127581053636,M,Hispanic,25 - 45,Female
0.2665894031524658,0.7334105968475342,33.853734324154395,M,Caucasian,25 - 45,Female
0.5766453742980957,0.4233545660972595,19.321980331609076,F,Caucasian,Greater than 45,Female
0.4819789528846741,0.5180210471153259,18.506433585337046,M,Caucasian,Less than 25,Male
0.8651376366615295,0.13486240804195404,11.679208290490049,M,Native American,Greater than 45,Male
0.32885661721229553,0.6711433529853821,16.818749862305246,F,Hispanic,Less than 25,Female
0.41708609461784363,0.5829139351844788,20.77764035375334,F,Other,Greater than 45,Female
0.0771745815873146,0.9228254556655884,30.54095558257582,F,Caucasian,Less than 25,Female
0.4712638854980469,0.5287361145019531,31.69456029747009,M,Other,Greater than 45,Male
0.6456788778305054,0.35432112216949463,3.1670118344510527,F,Caucasian,25 - 45,Male
0.3430663049221039,0.6569336652755737,27.378160513016574,M,Other,Less than 25,Female
0.37953561544418335,0.6204643845558167,25.676494813776298,F,Other,Greater than 45,Female
0.7943568229675293,0.20564325153827667,9.387183282272794,M,Caucasian,25 - 45,Male
0.12720228731632233,0.8727977275848389,34.61090269777408,M,Native American,Greater than 45,Female
0.10104105621576309,0.8989589214324951,26.997933186124772,M,Asian,25 - 45,Male
0.36992597579956055,0.6300740242004395,30.225057300600348,F,Hispanic,25 - 45,Female
0.6330103874206543,0.3669896721839905,10.428470383621052,F,African-American,25 - 45,Male
0.11674945056438446,0.8832504749298096,27.226532874964345,M,Caucasian,Greater than 45,Female
0.4734524190425873,0.5265475511550903,27.050785517800485,F,Other,25 - 45,Female
0.5503972768783569,0.44960272312164307,15.840540167819292,M,Hispanic,25 - 45,Male
0.034843266010284424,0.9651567935943604,36.26447416126421,M,African-American,Less than 25,Male
0.05708779767155647,0.942912220954895,30.56139932090732,M,Caucasian,25 - 45,Male
0.7398133873939514,0.2601865828037262,12.146832805298933,M,Hispanic,25 - 45,Male
0.4366399347782135,0.5633600950241089,9.176448968104916,F,African-American,Less than 25,Female
0.18275997042655945,0.8172400593757629,29.188384957229612,M,Asian,Less than 25,Male
0.19883941113948822,0.8011605739593506,13.992869419833522,M,Caucasian,25 - 45,Male
0.25657007098197937,0.743429958820343,23.351787732189187,M,African-American,Less than 25,Male
0.10145147889852524,0.8985484838485718,27.898367632099657,F,Native American,Less than 25,Male
0.41452425718307495,0.5854758024215698,27.976886381403613,F,Asian,Less than 25,Male
0.4553064703941345,0.5446935296058655,27.438020072484125,M,Asian,25 - 45,Male
0.5230398774147034,0.47696006298065186,20.006111044442722,M,Hispanic,Less than 25,Female
0.6947423219680786,0.3052577078342438,14.133202709202331,F,Asian,25 - 45,Female
0.27074941992759705,0.7292505502700806,22.983230043360333,M,Asian,Less than 25,Female
0.6939825415611267,0.3060173988342285,10.066245071005284,M,African-American,Less than 25,Female
0.8695732355117798,0.1304267793893814,16.144916199659495,F,African-American,25 - 45,Female
0.9781618118286133,0.021838199347257614,4.940767391645671,M,African-American,Greater than 45,Female
0.34440842270851135,0.655591607093811,6.268887366291298,M,Native American,Greater than 45,Male
0.0276689063757658,0.972331166267395,31.62046571863535,F,Native American,Less than 25,Female
0.4202357828617096,0.5797642469406128,13.014211690346936,F,Other,Less than 25,Male
0.8005010485649109,0.1994989961385727,1.6334683970788741,F,Native American,25 - 45,Female
0.3060449957847595,0.6939549446105957,28.19521402110166,F,Asian,25 - 45,Male
0.7080559730529785,0.29194405674934387,3.6754612923649432,F,Native American,Less than 25,Male
0.249236598610878,0.7507633566856384,28.71310522800474,M,African-American,Less than 25,Male
0.4294601082801819,0.5705399513244629,15.971565311991125,M,Caucasian,25 - 45,Male
0.2174232453107834,0.7825767993927002,25.498055309048084,F,Native American,Greater than 45,Male
0.4472482204437256,0.5527518391609192,15.748671855765863,F,Native American,25 - 45,Male
0.7274906635284424,0.2725093364715576,15.23182072996228,M,Other,Less than 25,Female
0.1614772528409958,0.838522732257843,29.567701120561033,F,Native American,Greater than 45,Female
0.729153037071228,0.2708469331264496,17.358816182204006,M,Other,25 - 45,Female
0.74660724401474,0.25339275598526,8.15859257414525,M,African-American,25 - 45,Male
0.6870777606964111,0.31292223930358887,0.24208340351909863,M,Asian,25 - 45,Female
0.5351720452308655,0.46482792496681213,25.11888338200857,F,Caucasian,Greater than 45,Female
0.5400742888450623,0.45992568135261536,19.049908292731494,F,Other,Less than 25,Male
0.6293653249740601,0.37063461542129517,31.539720232835975,M,Hispanic,Greater than 45,Female
0.1781175285577774,0.8218824863433838,37.93620579614273,F,African-American,Less than 25,Female
0.3283602297306061,0.6716397404670715,2.4087727991245056,F,Hispanic,Less than 25,Female
0.6009326577186584,0.3990672528743744,18.215866051765534,F,Other,Less than 25,Female
0.12330096960067749,0.8766990303993225,30.90117714326262,M,African-American,25 - 45,Male
0.4498711824417114,0.5501288175582886,25.340174322156056,F,Caucasian,25 - 45,Female
0.06997884809970856,0.9300211071968079,37.20062379908305,M,Native American,25 - 45,Male
0.6291077136993408,0.3708922564983368,12.965849653329299,M,Caucasian,25 - 45,Female
0.4256984293460846,0.5743016600608826,29.520895487538574,M,Asian,25 - 45,Male
0.4682319760322571,0.5317679643630981,27.35628531477084,M,Hispanic,Greater than 45,Female
0.3527081310749054,0.647291898727417,25.398997958555466,F,Native American,Greater than 45,Male
0.1783609241247177,0.8216390609741211,13.423371802633293,F,Hispanic,25 - 45,Female
0.4737379848957062,0.526262104511261,27.001976310187935,M,Other,Greater than 45,Male
0.186936154961586,0.8130638003349304,20.675898616102614,M,Other,Less than 25,Male
0.7772253751754761,0.2227746546268463,4.791020017192848,M,African-American,Less than 25,Female
0.27656081318855286,0.7234392762184143,4.1404737215139,F,Native American,Less than 25,Male
0.22773844003677368,0.7722615599632263,36.645915684357824,F,Asian,25 - 45,Female
0.4550562798976898,0.5449436902999878,15.05182997705183,M,African-American,Less than 25,Male
0.18286067247390747,0.8171393275260925,22.18276922034382,M,Native American,25 - 45,Female
0.5250360369682312,0.474963903427124,24.61911968767691,M,Asian,Greater than 45,Male
0.7488123774528503,0.25118762254714966,23.499676981574698,F,Asian,Greater than 45,Male
0.035067372024059296,0.9649326205253601,36.182943729526286,M,African-American,Greater than 45,Male
0.8130118250846863,0.1869882047176361,13.604571304022514,F,Native American,Less than 25,Female
0.26640260219573975,0.7335973381996155,32.52860523417761,F,Other,Less than 25,Male
0.3843362629413605,0.6156637072563171,37.53571750270748,M,African-American,Greater than 45,Female
0.8830147385597229,0.11698523908853531,2.2344105882498506,F,African-American,25 - 45,Male
0.7538352608680725,0.24616475403308868,6.469297611615591,F,Asian,25 - 45,Female
0.21732789278030396,0.7826721668243408,29.710969244470483,M,Asian,Less than 25,Male
0.7316958904266357,0.26830410957336426,15.825732637202913,F,Native American,Greater than 45,Female
0.9785709977149963,0.021429020911455154,4.685574961460268,F,Native American,Greater than 45,Female
0.5992608666419983,0.40073907375335693,0.02490191385375251,F,Asian,Less than 25,Male
0.0822107195854187,0.9177892804145813,34.99318620368289,M,African-American,25 - 45,Male
0.515313446521759,0.48468661308288574,7.43886202934193,F,Caucasian,Less than 25,Male
0.1557246446609497,0.8442754149436951,34.69337235518845,M,African-American,Less than 25,Female
0.8638148307800293,0.13618509471416473,5.623366533304882,M,Caucasian,25 - 45,Male
0.3831201493740082,0.6168798804283142,28.553763739091846,F,Native American,25 - 45,Female
0.025274744257330894,0.9747251868247986,36.92110271702197,F,Caucasian,25 - 45,Female
0.44716209173202515,0.5528378486633301,12.4964968013742,M,Hispanic,25 - 45,Male
0.415196031332016,0.5848039388656616,19.065252215507062,M,Other,25 - 45,Female
0.02405826561152935,0.9759417772293091,35.73742884069612,M,Native American,25 - 45,Male
0.06693259626626968,0.9330673813819885,32.08447728270154,M,Hispanic,Less than 25,Female
0.8503814339637756,0.14961861073970795,11.131713809833897,F,Asian,Greater than 45,Female
0.9651081562042236,0.03489185497164726,4.090404044235095,F,Native American,25 - 45,Female
0.19742538034915924,0.802574634552002,27.122011531118442,F,Native American,Greater than 45,Male
0.5047755241394043,0.4952244162559509,15.143764082795059,M,Hispanic,25 - 45,Male
0.9100350141525269,0.08996500074863434,8.366550647383383,M,Caucasian,Greater than 45,Female
0.864050567150116,0.13594946265220642,11.3820825014245,F,Other,Greater than 45,Female
0.38282346725463867,0.6171765327453613,26.16160132235639,F,African-American,25 - 45,Female
0.4125566780567169,0.5874432921409607,4.051560263929958,F,African-American,Less than 25,Male
0.16508682072162628,0.8349131345748901,33.683260985981384,M,Native American,Greater than 45,Female
0.2959507703781128,0.7040491700172424,33.44401608482398,M,Caucasian,25 - 45,Female
0.08936180174350739,0.9106382131576538,21.22629996768762,M,African-American,25 - 45,Female
0.32646581530570984,0.6735341548919678,21.036846531190797,F,Hispanic,Less than 25,Female
0.09631398320198059,0.903685986995697,36.692159516197776,F,Other,25 - 45,Male
0.9045560956001282,0.09544394910335541,11.515055287367387,M,Hispanic,25 - 45,Male
0.06567350775003433,0.9343265295028687,32.85790233430143,M,Asian,Less than 25,Male
0.5424309372901917,0.4575690031051636,25.032754292149935,M,Caucasian,25 - 45,Female
0.5750113129615784,0.424988716840744,14.545978877820255,M,Hispanic,Greater than 45,Female
0.4937666356563568,0.5062333345413208,30.333355631631783,M,Other,25 - 45,Female
0.3455326557159424,0.6544673442840576,5.647192934045166,M,Caucasian,Less than 25,Female
0.21932290494441986,0.780677080154419,37.42286685082427,F,African-American,Greater than 45,Male
0.2037828415632248,0.796217143535614,31.86552452691236,M,Hispanic,25 - 45,Male
0.15975695848464966,0.8402431011199951,23.672465733209584,M,African-American,Less than 25,Female
0.449333131313324,0.5506668090820312,7.438749070764671,M,African-American,Greater than 45,Male
0.6177488565444946,0.38225120306015015,16.623702416144393,M,Asian,Less than 25,Female
0.335635244846344,0.664364755153656,28.048148488145845,M,Hispanic,25 - 45,Female
0.8744887113571167,0.12551133334636688,5.911900025510487,M,Other,Greater than 45,Male
0.8014026284217834,0.19859740138053894,14.3404552349074,F,Native American,Greater than 45,Female
0.9308345317840576,0.06916545331478119,5.4112243817949395,M,Caucasian,25 - 45,Male
0.47205162048339844,0.5279483795166016,23.754178878555777,M,Caucasian,25 - 45,Female
0.5882118344306946,0.41178813576698303,13.478625126697015,F,Hispanic,Greater than 45,Male
0.4017849862575531,0.5982149839401245,13.913295915261193,M,Hispanic,Greater than 45,Female
0.2551090717315674,0.7448908686637878,34.30173357847771,M,Native American,25 - 45,Female
0.23949404060840607,0.7605059742927551,28.88427827288506,M,Hispanic,Less than 25,Male
0.10841171443462372,0.8915882706642151,23.566795284439102,M,Hispanic,Less than 25,Male
0.04620625451207161,0.9537937045097351,35.1801417924544,M,Native American,Less than 25,Male
0.19485874474048615,0.805141270160675,21.742606700367357,F,African-American,25 - 45,Female
0.08468246459960938,0.9153175354003906,27.590952731052095,F,Other,25 - 45,Male
0.701097846031189,0.29890215396881104,14.190936859824077,M,Other,Less than 25,Female
0.9532720446586609,0.04672796279191971,5.009810085137442,F,Asian,Greater than 45,Female
0.44251224398612976,0.5574877262115479,10.219228177137483,F,Caucasian,Less than 25,Male
0.08509643375873566,0.9149035811424255,33.98681549792655,M,Native American,25 - 45,Male
0.40478113293647766,0.5952188968658447,29.6772649367393,M,Hispanic,Less than 25,Female
0.27856025099754333,0.721439778804779,15.817141373532179,M,Caucasian,25 - 45,Male
0.35468122363090515,0.6453188061714172,32.781107072197294,M,Caucasian,25 - 45,Female
0.590545117855072,0.4094548523426056,1.8700844110390709,F,Native American,Greater than 45,Female
0.8137401342391968,0.18625985085964203,4.065306065027196,F,Asian,Greater than 45,Male
0.2467048317193985,0.7532951831817627,25.213049738090742,M,Other,25 - 45,Female
0.8774994015693665,0.12250056862831116,30.222288973712566,F,Asian,25 - 45,Female
0.21993911266326904,0.780060887336731,30.766476363598937,M,Hispanic,25 - 45,Male
0.8377901315689087,0.16220994293689728,13.147566966378186,M,Hispanic,Greater than 45,Female
0.6081792712211609,0.3918206989765167,8.253784913800473,M,Hispanic,Less than 25,Male
0.10299262404441833,0.897007405757904,37.220925016932405,M,Other,25 - 45,Male
0.16970014572143555,0.8302999138832092,33.94469484897857,F,Asian,25 - 45,Male
0.47224369645118713,0.5277563333511353,23.043218464387508,F,Caucasian,25 - 45,Female
0.6308149695396423,0.3691849708557129,16.174003096472145,F,Caucasian,Greater than 45,Male
0.15641945600509644,0.8435805439949036,11.318053542490167,F,Asian,25 - 45,Female
0.676500678062439,0.32349932193756104,17.913170414972562,M,Caucasian,25 - 45,Female
0.8149135708808899,0.18508635461330414,1.2146941355452212,M,Other,25 - 45,Female
0.6186255216598511,0.38137444853782654,4.514198162587455,F,Caucasian,25 - 45,Female
0.2859077453613281,0.7140923142433167,18.872165026259758,F,African-American,Less than 25,Male
0.18514542281627655,0.814854621887207,26.848264681292868,M,Hispanic,Greater than 45,Male
0.14181463420391083,0.8581854104995728,27.544856560419554,F,Other,25 - 45,Male
0.33810189366340637,0.6618980765342712,26.77056778366029,F,Other,Greater than 45,Female
0.8803173899650574,0.11968257278203964,5.480822173261234,M,Caucasian,Greater than 45,Female
0.806739866733551,0.1932600885629654,13.442059288985469,F,Hispanic,25 - 45,Male
0.6040054559707642,0.3959945738315582,31.059222100625536,M,African-American,Greater than 45,Female
0.47229573130607605,0.5277042388916016,27.602798833541858,F,Other,25 - 45,Male
0.4275978207588196,0.5724021792411804,37.34965772960909,M,Asian,Less than 25,Female
0.6146844029426575,0.38531559705734253,1.6176801290058478,F,Caucasian,Less than 25,Female
0.3609207570552826,0.6390792727470398,31.471394556607585,M,Native American,25 - 45,Male
0.4974527657032013,0.5025472640991211,3.2961481010052083,F,Caucasian,25 - 45,Male
0.6985169053077698,0.301483154296875,8.236911411201557,M,Native American,25 - 45,Female
0.49227285385131836,0.5077271461486816,34.921322114130675,M,Hispanic,Greater than 45,Male
0.7299553751945496,0.27004462480545044,1.215961707944283,F,Other,Less than 25,Male
0.4268971085548401,0.5731028318405151,35.65429921666158,M,Asian,Greater than 45,Female
0.975946307182312,0.02405366487801075,6.112186978255906,F,African-American,Greater than 45,Female
0.027785999700427055,0.9722140431404114,37.62185642430928,F,Native American,Less than 25,Female
0.47689077258110046,0.5231091976165771,26.284978570635687,M,Hispanic,Greater than 45,Male
0.2532786726951599,0.7467213869094849,30.298686778534965,M,African-American,25 - 45,Female
0.6896383166313171,0.31036171317100525,16.36452814481969,M,Caucasian,25 - 45,Female
0.9106165766716003,0.08938341587781906,9.728620945701145,M,Asian,25 - 45,Male
0.3624248206615448,0.6375752091407776,9.099542348030745,F,Native American,Less than 25,Male
0.35879069566726685,0.6412093043327332,22.533583895231455,M,Asian,25 - 45,Male
0.24976618587970734,0.7502338290214539,23.10045406490718,M,Caucasian,Greater than 45,Male
0.45661452412605286,0.5433855056762695,14.126778767277141,F,Hispanic,Greater than 45,Female
0.5525267720222473,0.44747331738471985,21.613033820338398,F,Native American,25 - 45,Male
0.1669221967458725,0.8330778479576111,7.8967187637207,M,Native American,Less than 25,Male
0.19199664890766144,0.808003306388855,23.867538938069004,M,African-American,25 - 45,Male
0.7826064229011536,0.21739362180233002,26.497711591989912,M,Other,Greater than 45,Female
0.7125972509384155,0.2874027192592621,5.608094833357874,M,Native American,25 - 45,Female
0.7073281407356262,0.29267191886901855,18.17565245622299,M,Caucasian,25 - 45,Female
0.5312344431877136,0.46876558661460876,33.283370452551466,M,Caucasian,Less than 25,Female
0.2709018588066101,0.7290981411933899,11.028340897354203,F,African-American,Less than 25,Male
0.9713970422744751,0.028602903708815575,1.717174986454085,M,Asian,Greater than 45,Male
0.8820346593856812,0.11796536296606064,10.94563707341836,M,Hispanic,Greater than 45,Male
0.7977596521377563,0.20224030315876007,6.472930165338743,F,Caucasian,25 - 45,Female
0.7655683755874634,0.2344316840171814,14.59446655417055,M,African-American,Greater than 45,Female
0.7037244439125061,0.2962755858898163,14.644425226430915,M,African-American,Greater than 45,Male
0.5772748589515686,0.4227251708507538,33.8469262979418,M,Asian,Greater than 45,Male
0.26478812098503113,0.7352119088172913,18.32256955987613,M,Other,Less than 25,Male
0.7256872653961182,0.2743127942085266,0.7244814238784472,M,Caucasian,Greater than 45,Male
0.13126236200332642,0.8687376379966736,34.68200197510638,F,Asian,25 - 45,Male
0.4608645737171173,0.5391353964805603,26.716177467052628,M,Asian,Less than 25,Male
0.07713545113801956,0.922864556312561,29.251805885204142,M,Native American,Less than 25,Male
0.40844857692718506,0.5915513634681702,21.648777425653048,M,Hispanic,25 - 45,Female
0.8785598278045654,0.1214401125907898,22.232623744723774,F,Asian,25 - 45,Male
0.6834630370140076,0.31653696298599243,3.3318592106605407,F,African-American,Greater than 45,Male
0.19468042254447937,0.8053195476531982,32.14480338782409,M,Native American,Less than 25,Female
0.8334816694259644,0.16651830077171326,5.569340175698778,M,African-American,25 - 45,Female
0.648516833782196,0.35148316621780396,37.25591339885109,M,Caucasian,Greater than 45,Female
0.6738893389701843,0.32611069083213806,3.8618314869993426,M,Asian,Greater than 45,Male
0.41037577390670776,0.5896241664886475,16.963967624804102,F,Hispanic,Greater than 45,Female
0.19695904850959778,0.8030409812927246,34.13691879436711,M,Native American,Greater than 45,Male
0.43625548481941223,0.5637445449829102,9.448874183662536,M,Native American,25 - 45,Female
0.7406942844390869,0.2593056857585907,18.063161911949425,F,Other,Greater than 45,Female
0.9359598159790039,0.06404022127389908,22.422601492138643,M,Other,Greater than 45,Female
0.8439075946807861,0.15609237551689148,0.440499356470331,M,Other,25 - 45,Female
0.04962165653705597,0.95037841796875,37.53050091883565,F,Other,Less than 25,Female
0.11033796519041061,0.8896620273590088,26.657480271299534,F,Native American,Greater than 45,Female
0.893354058265686,0.10664590448141098,3.1710233068021756,F,Other,25 - 45,Male
0.8756494522094727,0.12435054033994675,24.187672952180606,M,Asian,Greater than 45,Male
0.27954456210136414,0.7204554677009583,10.199242776256526,M,Native American,Less than 25,Female
0.14553777873516083,0.8544622659683228,30.678558012314454,F,African-American,25 - 45,Female
0.8258523344993591,0.17414768040180206,12.629108185298254,M,Caucasian,Greater than 45,Male
0.971751868724823,0.028248142451047897,6.955453710048345,F,Asian,25 - 45,Female
0.06341532617807388,0.9365847110748291,30.74426563852462,M,Other,25 - 45,Female
0.2678885757923126,0.732111394405365,32.72750549775253,F,Caucasian,25 - 45,Female
0.4074106514453888,0.5925894379615784,31.822272940783865,F,Hispanic,25 - 45,Female
0.3037523627281189,0.6962476372718811,33.25307234517033,F,Other,Greater than 45,Female
0.5047019124031067,0.4952980577945709,28.473775619910878,F,Asian,Less than 25,Male
0.1914086788892746,0.808591365814209,25.80968736510189,F,African-American,Greater than 45,Male
0.29930686950683594,0.7006930708885193,26.944155008203445,M,Hispanic,25 - 45,Male
0.5086756348609924,0.4913243055343628,31.92617803215941,F,Native American,Greater than 45,Female
0.3976850211620331,0.6023149490356445,18.144988691788758,M,Caucasian,Less than 25,Male
0.16081444919109344,0.8391855359077454,14.005171682951698,M,Caucasian,Less than 25,Male
0.2416485995054245,0.7583513855934143,11.456109445605243,M,Native American,25 - 45,Female
0.29733139276504517,0.7026686072349548,20.203064685725874,M,African-American,Greater than 45,Male
0.7094820141792297,0.29051801562309265,26.155196050795134,M,Asian,25 - 45,Male
0.29639267921447754,0.7036072611808777,12.924239429399684,F,Caucasian,25 - 45,Female
0.7802298069000244,0.21977022290229797,1.313247841929834,F,Caucasian,Greater than 45,Male
0.9093258380889893,0.09067416936159134,5.584682111217326,M,Hispanic,25 - 45,Female
0.08866646885871887,0.9113335013389587,34.25339944749486,M,Native American,Greater than 45,Male
0.05941983312368393,0.9405802488327026,30.18261837445317,M,Other,Less than 25,Male
0.5336356163024902,0.46636438369750977,5.341365461038362,M,Hispanic,Less than 25,Male
0.09744372963905334,0.902556300163269,25.55015002388103,F,Hispanic,25 - 45,Female
0.3383300006389618,0.6616700291633606,25.455010374559155,M,African-American,Less than 25,Male
0.4250771701335907,0.5749228000640869,15.338490608817963,F,Other,Less than 25,Female
0.6585210561752319,0.34147894382476807,4.262841788313556,M,African-American,25 - 45,Female
0.5797165632247925,0.4202834367752075,16.932217028060194,M,Native American,Greater than 45,Male
0.050361908972263336,0.9496380686759949,37.15445717761196,M,Hispanic,Less than 25,Male
0.05130165070295334,0.9486983418464661,33.53325129972614,M,Asian,Less than 25,Male
0.4532024562358856,0.5467976331710815,19.708364040731983,M,Native American,Greater than 45,Male
0.22040149569511414,0.7795985341072083,22.569359398750393,M,Caucasian,Less than 25,Female
0.15075214207172394,0.8492478728294373,25.042268060568556,F,Caucasian,Less than 25,Male
0.8353589773178101,0.16464102268218994,9.041289873915273,F,Other,25 - 45,Female
0.037766892462968826,0.9622331261634827,36.73503789061091,F,Hispanic,Less than 25,Male
0.23493890464305878,0.76506108045578,31.43523814590102,M,Caucasian,Less than 25,Female
0.9249714612960815,0.07502854615449905,13.444716569356412,F,Asian,25 - 45,Female
0.7839035391807556,0.21609653532505035,26.61169861643766,M,Asian,Greater than 45,Female
0.8810425400733948,0.11895747482776642,9.044555866464734,F,Native American,Less than 25,Female
0.29712703824043274,0.7028729319572449,23.063662160268183,M,Hispanic,25 - 45,Female
0.37038031220436096,0.6296196579933167,20.80489469625272,M,Asian,25 - 45,Female
0.5813913345336914,0.4186086654663086,13.975297767690714,F,Asian,25 - 45,Male
0.7297308444976807,0.27026915550231934,1.169805790624183,M,Asian,Greater than 45,Male
0.10591712594032288,0.8940828442573547,32.57235344573253,F,Hispanic,25 - 45,Male
0.33921197056770325,0.6607880592346191,32.472121089146114,F,Other,25 - 45,Female
0.9464112520217896,0.05358871817588806,0.172364601522901,M,Caucasian,25 - 45,Female
0.9235634803771973,0.07643656432628632,6.34462992735663,M,Asian,25 - 45,Female
0.10160937160253525,0.8983907103538513,37.245274529687165,F,Asian,Less than 25,Female
0.329111784696579,0.6708882451057434,11.711938916921374,M,Asian,25 - 45,Female
0.11061117053031921,0.8893888592720032,29.339649366539234,F,African-American,Less than 25,Female
0.6700085997581482,0.3299914300441742,8.710607296152467,M,Hispanic,Less than 25,Male
0.465383917093277,0.5346160531044006,34.310350486183744,M,Other,Greater than 45,Female
0.29633304476737976,0.7036669850349426,33.48258012210927,M,Asian,25 - 45,Male
0.5318286418914795,0.46817126870155334,12.184263530273824,F,African-American,Less than 25,Female
0.7327641844749451,0.2672358453273773,7.264740726377054,M,Asian,Less than 25,Male
0.3229272961616516,0.6770727038383484,25.379996878536684,M,Asian,Less than 25,Male
0.4303189218044281,0.5696811079978943,24.941024593907592,F,Caucasian,25 - 45,Male
0.9028868675231934,0.09711309522390366,11.607080983744964,M,Caucasian,Greater than 45,Male
0.13819323480129242,0.8618067502975464,34.54834924577474,M,Caucasian,Less than 25,Female
0.5327544212341309,0.4672456383705139,15.556282371175307,M,African-American,25 - 45,Male
0.9735842347145081,0.026415804401040077,4.802636237855642,F,Other,Less than 25,Female
0.1873900443315506,0.8126099109649658,35.93793625174526,F,Asian,Less than 25,Female
0.6866018176078796,0.313398152589798,0.451256924622617,F,African-American,Less than 25,Female
0.5323486328125,0.4676514267921448,14.641501307615043,F,Caucasian,Greater than 45,Female
0.24791914224624634,0.7520809173583984,32.409848804878465,F,Caucasian,25 - 45,Male
0.5523276329040527,0.44767236709594727,32.97630359531043,F,Asian,Greater than 45,Female
0.14768947660923004,0.8523105382919312,37.40776328989979,F,Other,25 - 45,Female
0.34870192408561707,0.6512981653213501,28.23293571458912,F,Caucasian,Greater than 45,Male
0.7809053659439087,0.21909461915493011,23.87035558919025,F,Hispanic,Greater than 45,Female
0.8436613082885742,0.1563386619091034,5.033054018379507,M,Other,25 - 45,Female
0.4179641902446747,0.5820357799530029,18.69502321832082,F,Hispanic,Less than 25,Female
0.35432687401771545,0.6456730961799622,15.20370298047157,F,Caucasian,Greater than 45,Male
0.028208546340465546,0.9717914462089539,35.255936891324325,F,African-American,25 - 45,Male
0.75103759765625,0.2489624172449112,0.40087267985303043,F,Native American,25 - 45,Male
0.7231274247169495,0.27687254548072815,20.561911223233157,M,Asian,25 - 45,Male
0.9265027642250061,0.0734972208738327,1.4863596446279947,F,Native American,Greater than 45,Male
0.4432988166809082,0.5567012429237366,9.399772792972565,M,Caucasian,Less than 25,Female
0.26504385471343994,0.7349561452865601,22.58521944567052,F,Asian,Greater than 45,Male
0.3537784218788147,0.6462216377258301,0.12419963698898928,M,Caucasian,25 - 45,Male
0.08897833526134491,0.9110216498374939,27.664131108753974,F,Other,25 - 45,Female
0.15719416737556458,0.842805802822113,20.80783210756178,F,Hispanic,25 - 45,Male
0.5924862623214722,0.40751373767852783,25.89479228741935,M,Hispanic,25 - 45,Female
0.3497913181781769,0.6502087116241455,21.56755620879077,M,Caucasian,25 - 45,Female
0.18954163789749146,0.8104583621025085,36.90565916682949,M,Other,Less than 25,Male
0.7632707357406616,0.23672926425933838,30.7188770903935,M,Asian,25 - 45,Male
0.6320198774337769,0.36798012256622314,15.880050168353577,F,Other,Less than 25,Female
0.8482373952865601,0.15176260471343994,5.033125162967258,F,Native American,25 - 45,Female
0.7165279388427734,0.28347209095954895,1.9634864819168112,M,Other,25 - 45,Female
0.6408977508544922,0.3591022193431854,5.772293535277929,M,Native American,Greater than 45,Male
0.18707938492298126,0.8129206895828247,5.871538641068771,F,African-American,25 - 45,Female
0.5830386281013489,0.41696131229400635,17.87975237470905,F,Asian,25 - 45,Female
0.5771090984344482,0.42289090156555176,34.01144121236317,F,Asian,Greater than 45,Male
0.5929597020149231,0.4070402979850769,13.310692040155843,M,Native American,25 - 45,Female
0.20081159472465515,0.7991884350776672,32.73700655837817,M,Other,Less than 25,Female
0.7364786267280579,0.26352134346961975,31.982584742413604,F,African-American,Greater than 45,Female
0.05684169381856918,0.9431582689285278,24.143844168470775,F,Hispanic,Less than 25,Male
0.1765894591808319,0.8234105706214905,19.957068362132876,F,Hispanic,Less than 25,Female
0.2747615575790405,0.7252384424209595,19.756278024037062,F,Hispanic,25 - 45,Male
0.18261772394180298,0.817382276058197,31.900522035281146,M,Native American,25 - 45,Male
0.4787243902683258,0.5212756395339966,9.984033509424442,M,Native American,25 - 45,Female
0.23604783415794373,0.7639521360397339,25.769599829742443,M,Other,Less than 25,Male
0.3596184551715851,0.6403815150260925,7.052546831617776,M,Caucasian,Greater than 45,Male
0.29111021757125854,0.7088898420333862,32.16728221615292,M,African-American,Less than 25,Male
0.850753664970398,0.14924629032611847,12.612884041101255,F,Caucasian,Greater than 45,Male
0.09433010965585709,0.9056698679924011,15.511767850516415,F,Caucasian,Less than 25,Male
0.32715505361557007,0.6728449463844299,26.831470658142134,M,Native American,Greater than 45,Male
0.047385066747665405,0.9526149034500122,34.12742058269758,M,Hispanic,Less than 25,Female
0.5157981514930725,0.4842018485069275,18.22358778745813,F,Native American,Greater than 45,Male
0.48445555567741394,0.5155444741249084,31.415300419563255,F,Other,Greater than 45,Male
0.38543054461479187,0.6145694851875305,18.692057027056734,F,Hispanic,Greater than 45,Male
0.12196579575538635,0.878034234046936,27.869594985561395,F,Native American,25 - 45,Male
0.47740644216537476,0.5225934982299805,31.628416227401598,M,Caucasian,Greater than 45,Male
0.24564358592033386,0.7543564438819885,28.089057423850864,F,Other,25 - 45,Female
0.5764387845993042,0.4235612154006958,10.115824491530411,F,African-American,Less than 25,Male
0.5444337129592896,0.45556628704071045,31.264890432077884,M,Native American,25 - 45,Female
0.922947108745575,0.07705286145210266,18.625921585185633,M,Asian,Greater than 45,Female
0.15584036707878113,0.8441596627235413,27.600064172542538,F,Caucasian,25 - 45,Female
0.12846453487873077,0.8715354204177856,32.904011748362876,M,Other,25 - 45,Male
0.5284722447395325,0.47152775526046753,6.286169791250433,F,African-American,Greater than 45,Female
0.07175110280513763,0.928248941898346,31.120012109339573,F,Native American,25 - 45,Female
0.38563984632492065,0.6143601536750793,15.85300559665308,M,African-American,Greater than 45,Female
0.476375550031662,0.5236244797706604,18.139594346573094,F,Native American,Greater than 45,Female
0.35390087962150574,0.6460991501808167,3.641115915660399,F,African-American,Less than 25,Female
0.17280100286006927,0.8271989226341248,32.558490525916035,F,Asian,Less than 25,Female
0.2569308280944824,0.7430691719055176,12.817482985026006,M,Caucasian,Less than 25,Male
0.4628496468067169,0.5371503829956055,10.624360246279531,F,Caucasian,25 - 45,Female
0.22089466452598572,0.7791053056716919,34.792804404899236,F,Caucasian,Greater than 45,Male
0.03537660837173462,0.9646233916282654,23.04163474818169,F,Caucasian,25 - 45,Male
0.33615800738334656,0.6638420224189758,35.2564730156085,F,Other,25 - 45,Male
0.42303013801574707,0.5769698023796082,29.11916707285648,M,Asian,Greater than 45,Female
0.7703460454940796,0.22965388000011444,18.533620357015113,M,Caucasian,25 - 45,Male
0.25735247135162354,0.7426475286483765,33.874623311221555,F,Hispanic,Less than 25,Female
0.8298118114471436,0.17018823325634003,26.34087184173265,M,Asian,Greater than 45,Female
0.13949531316757202,0.8605046272277832,25.19018161816632,M,African-American,25 - 45,Male
0.9529354572296143,0.04706453159451485,8.869133862662252,F,Hispanic,Less than 25,Female
0.49299123883247375,0.5070088505744934,26.751919686893782,M,Caucasian,Greater than 45,Female
0.17344072461128235,0.82655930519104,30.40617046173334,M,Native American,Less than 25,Male
0.8855957388877869,0.11440430581569672,1.9515562230484766,F,Asian,25 - 45,Female
0.6709082126617432,0.32909178733825684,14.030412080417616,M,African-American,Less than 25,Female
0.10959509760141373,0.8904049396514893,24.980438600603126,F,Asian,25 - 45,Male
0.8358699083328247,0.1641301065683365,17.661605627477524,F,Other,Less than 25,Male
0.3294477164745331,0.6705523133277893,24.904728799445422,F,Hispanic,Greater than 45,Female
0.8335437178611755,0.16645631194114685,0.5203871056358651,F,Asian,25 - 45,Male
0.9362394213676453,0.06376051902770996,0.786179174493425,M,African-American,Greater than 45,Female
0.0938209742307663,0.9061790108680725,30.06141710722439,M,Native American,Less than 25,Female
0.8380904197692871,0.16190961003303528,4.181472974299363,M,African-American,Greater than 45,Male
0.37876713275909424,0.6212328672409058,9.633508189976126,F,Asian,Less than 25,Male
0.6949574947357178,0.3050425052642822,20.82443300370522,F,Caucasian,Greater than 45,Female
0.8786736130714417,0.12132640182971954,11.3267778958607,M,Other,25 - 45,Female
0.11561156064271927,0.8843883872032166,35.04397411831581,M,Hispanic,Less than 25,Male
0.45580220222473145,0.5441977977752686,28.552094690278725,M,Native American,Less than 25,Female
0.27285316586494446,0.7271468043327332,28.251116362426885,F,Hispanic,Less than 25,Male
0.9204296469688416,0.07957040518522263,3.2205206672094073,M,Native American,25 - 45,Female
0.1150590181350708,0.8849409818649292,34.81396410510114,F,Hispanic,Greater than 45,Male
0.8796765804290771,0.12032344192266464,9.451464209069492,F,Other,25 - 45,Female
0.15743911266326904,0.842560887336731,30.037493256717525,F,Other,Greater than 45,Female
0.5011765360832214,0.4988234043121338,14.717245654385383,M,Hispanic,25 - 45,Female
0.2951490879058838,0.704850971698761,20.600838709719937,F,Caucasian,25 - 45,Male
0.5973951816558838,0.40260472893714905,5.717543294388606,F,Asian,Less than 25,Female
0.43052807450294495,0.5694719552993774,6.482128532830774,M,Hispanic,Less than 25,Male
0.26847130060195923,0.7315286993980408,23.132850688501794,F,African-American,25 - 45,Male
0.5466294884681702,0.45337048172950745,7.837846077760462,F,African-American,Less than 25,Male
0.6617066860198975,0.3382933437824249,2.779581229335678,M,Hispanic,Greater than 45,Male
0.5378685593605042,0.46213141083717346,24.931658803053317,M,Caucasian,Greater than 45,Female
0.3673015236854553,0.6326984167098999,27.44802609238339,M,Hispanic,Greater than 45,Female
0.8752115964889526,0.12478842586278915,6.857073009140378,M,African-American,Greater than 45,Female
0.9332650303840637,0.06673499941825867,8.926484729783226,F,Other,25 - 45,Female
0.6812534928321838,0.3187464773654938,13.971101181853042,M,Other,Less than 25,Male
0.7324581146240234,0.2675418257713318,26.87410917776913,F,Other,25 - 45,Female
0.0748429074883461,0.9251570701599121,28.396082706247267,M,Native American,25 - 45,Male
0.2186451107263565,0.7813549041748047,18.540732046990506,M,Native American,Less than 25,Female
0.4174291491508484,0.5825708508491516,26.67056146687012,F,Caucasian,25 - 45,Male
0.23305189609527588,0.7669481635093689,27.40683369770844,F,Other,25 - 45,Male
0.0686621367931366,0.9313378930091858,31.552151484666005,F,Hispanic,Less than 25,Female
0.7277257442474365,0.27227428555488586,5.111820867319146,F,Asian,25 - 45,Female
0.29377102851867676,0.706229031085968,25.368410140938202,F,Asian,25 - 45,Female
0.8610802888870239,0.13891971111297607,8.658396889419267,F,Caucasian,25 - 45,Male
0.8402304649353027,0.15976950526237488,6.234644802281689,M,Native American,Greater than 45,Female
0.43578851222991943,0.5642115473747253,37.00883467938432,M,Caucasian,Greater than 45,Female
0.2472352385520935,0.7527647614479065,20.906378882399267,F,Hispanic,Greater than 45,Male
0.5021441578865051,0.4978558421134949,37.12747491358742,F,Asian,25 - 45,Male
0.0743047297000885,0.9256953001022339,32.10201358547787,M,Native American,Greater than 45,Male
0.2800240218639374,0.719976007938385,32.84698927250413,F,Other,Greater than 45,Female
0.3075975179672241,0.6924024820327759,31.920657184645087,F,Caucasian,Greater than 45,Male
0.048255715519189835,0.9517443180084229,26.783917114120698,M,Hispanic,25 - 45,Female
0.8242826461791992,0.17571735382080078,24.515937003023115,M,Other,Greater than 45,Male
0.48668497800827026,0.5133150219917297,30.588441953556895,F,Other,Greater than 45,Female
0.6607151627540588,0.33928486704826355,6.46937125926168,M,Native American,25 - 45,Male
0.17554190754890442,0.824458122253418,32.52963923600184,F,Native American,25 - 45,Male
0.8169024586677551,0.18309754133224487,3.9765352886237375,F,Asian,Greater than 45,Female
0.030504323542118073,0.9694957137107849,32.80664895289776,F,Other,25 - 45,Male
0.8687030673027039,0.13129693269729614,3.1727036777889754,F,Asian,Greater than 45,Male
0.1282186359167099,0.8717813491821289,18.18122498365264,M,Other,Greater than 45,Male
0.7985856533050537,0.2014143317937851,4.011594451142646,F,Other,Less than 25,Male
0.0349121168255806,0.9650879502296448,34.70629024685535,F,Caucasian,Less than 25,Male
0.10679580271244049,0.8932042121887207,28.730405297590323,M,Hispanic,Less than 25,Female
0.9204151034355164,0.07958485931158066,0.7388777514398588,F,Caucasian,25 - 45,Male
0.359464555978775,0.6405355334281921,32.001133244173715,M,Native American,25 - 45,Male
0.09348444640636444,0.9065155982971191,37.053502649872904,F,Native American,Less than 25,Male
0.9065550565719604,0.09344486147165298,0.09625056558965728,F,Asian,Less than 25,Male
0.1416047215461731,0.8583952784538269,35.637410618537125,F,African-American,25 - 45,Male
0.14324472844600677,0.856755256652832,19.853339580591978,M,Native American,Less than 25,Female
0.18904602527618408,0.8109539151191711,27.744451407095447,F,Other,Less than 25,Female
0.6694867014884949,0.33051326870918274,6.5349394207810825,M,Asian,25 - 45,Male
0.27510687708854675,0.7248930931091309,14.161608856956793,F,Native American,25 - 45,Male
0.5929975509643555,0.40700244903564453,36.585199689174914,M,African-American,Greater than 45,Male
0.22323746979236603,0.7767625451087952,22.840372542189854,F,Caucasian,Less than 25,Female
0.18425819277763367,0.815741777420044,33.54435021868987,F,Other,Less than 25,Female
0.34109601378440857,0.658903956413269,18.552200191017914,M,Native American,Greater than 45,Male
0.2905021011829376,0.7094979286193848,23.52179186545641,M,Caucasian,25 - 45,Male
0.8645749688148499,0.13542500138282776,11.888887908956084,F,African-American,Greater than 45,Female
0.07373364269733429,0.9262663722038269,35.27764676194031,M,Other,25 - 45,Male
0.48974281549453735,0.5102571845054626,16.69078084572054,F,Hispanic,25 - 45,Male
0.20251725614070892,0.7974827885627747,35.707020270290684,M,African-American,Less than 25,Male
0.28874602913856506,0.7112539410591125,19.136479051938085,M,Caucasian,Less than 25,Male
0.39813321828842163,0.6018667221069336,18.879576268066966,F,African-American,25 - 45,Female
0.30311858654022217,0.6968814730644226,27.547672307456445,M,Asian,25 - 45,Female
0.6023091077804565,0.39769089221954346,24.29047200803374,M,Hispanic,Less than 25,Female
0.2538977563381195,0.7461022138595581,8.188984918276804,F,Caucasian,Less than 25,Male
0.525625467300415,0.47437459230422974,17.532884037530692,F,Native American,25 - 45,Male
0.2931444048881531,0.7068556547164917,8.286178701272043,F,Caucasian,Less than 25,Male
0.40173935890197754,0.5982607007026672,6.881479602572056,F,Caucasian,Less than 25,Male
0.7683923244476318,0.23160769045352936,11.574601962914572,M,Caucasian,25 - 45,Male
0.4542018473148346,0.5457981824874878,13.74026819525709,M,Caucasian,Less than 25,Female
0.3373667299747467,0.6626333594322205,14.70289856812448,F,Caucasian,Greater than 45,Male
0.6652246713638306,0.3347753584384918,32.19629029745777,F,Hispanic,Greater than 45,Male
0.9210831522941589,0.07891689240932465,21.698965214924648,M,Asian,Greater than 45,Female
0.6363254189491272,0.3636746108531952,11.454576324636154,F,Asian,Less than 25,Female
0.6339018940925598,0.3660981357097626,0.42637429794306536,F,Caucasian,Less than 25,Female
0.4649415910243988,0.5350584387779236,9.640877840580023,F,Native American,25 - 45,Male
0.8041632175445557,0.19583672285079956,0.9855482447961634,M,Caucasian,Less than 25,Male
0.298203706741333,0.7017963528633118,17.234732177430722,M,Native American,Greater than 45,Male
0.4792771637439728,0.5207228660583496,2.979490276740204,M,Caucasian,25 - 45,Male
0.8508474826812744,0.14915253221988678,21.581574322739574,M,Asian,Greater than 45,Male
0.28077688813209534,0.7192230820655823,23.009915713511933,M,African-American,25 - 45,Male
0.7016388773918152,0.29836106300354004,17.50029036538016,F,Caucasian,25 - 45,Female
0.37686148285865784,0.6231385469436646,8.85725959867285,F,Other,25 - 45,Male
0.6244679689407349,0.37553200125694275,5.149171611596851,M,African-American,Less than 25,Female
0.9864282011985779,0.013571797870099545,7.008977545103495,M,Asian,Greater than 45,Female
0.0966816321015358,0.9033183455467224,25.698874522647564,M,Caucasian,Less than 25,Male
0.4013386368751526,0.5986613631248474,15.937294267410495,F,Asian,Greater than 45,Male
0.09685280174016953,0.9031471610069275,35.768106005562416,M,Hispanic,25 - 45,Female
0.9653986096382141,0.0346013605594635,12.63978018092411,F,Asian,25 - 45,Female
0.1624157428741455,0.8375842571258545,35.42311945364791,F,Hispanic,Greater than 45,Male
0.7659632563591003,0.23403674364089966,8.542858767944658,F,African-American,25 - 45,Male
0.016876617446541786,0.9831233620643616,34.7041384379969,F,Native American,Greater than 45,Female
0.7047653794288635,0.2952346205711365,17.164940573639914,M,Hispanic,Greater than 45,Male
0.4604543149471283,0.5395457744598389,8.975178202031424,M,Hispanic,25 - 45,Female
0.26204758882522583,0.737952470779419,28.19216930271947,F,Native American,Less than 25,Female
0.24162106215953827,0.7583789825439453,7.256137077891785,F,Native American,Less than 25,Male
0.7984204888343811,0.20157946646213531,26.227159844362518,M,Other,Greater than 45,Male
0.17833292484283447,0.8216670751571655,33.11171027415634,F,Asian,25 - 45,Female
0.4961017966270447,0.5038982033729553,35.209893502221774,F,Caucasian,25 - 45,Male
0.9242749810218811,0.07572497427463531,3.342057982758823,M,Other,Greater than 45,Male
0.23093098402023315,0.7690690159797668,27.527031922417333,M,Asian,Less than 25,Male
0.3342832624912262,0.6657167077064514,32.03181824591809,M,Hispanic,25 - 45,Male
0.7130520939826965,0.2869478762149811,19.2151326969643,M,Other,Less than 25,Female
0.8239396810531616,0.17606037855148315,1.49743054781025,M,Native American,Less than 25,Female
0.7580128312110901,0.24198713898658752,11.95085351460163,F,Caucasian,Less than 25,Male
0.23273088037967682,0.7672690749168396,3.643423360857485,F,African-American,25 - 45,Male
0.6881012320518494,0.31189876794815063,28.55338785627797,F,Asian,Greater than 45,Male
0.8237499594688416,0.1762501299381256,5.7486138604332035,F,Asian,Less than 25,Female
0.4108792543411255,0.5891208052635193,3.9198461025989233,F,Other,25 - 45,Male
0.3476649522781372,0.6523351073265076,33.46193174711611,F,Asian,Less than 25,Female
0.4423619210720062,0.5576381087303162,37.54479200877262,F,African-American,Greater than 45,Male
0.1211291030049324,0.8788708448410034,25.542095808616768,M,Hispanic,25 - 45,Male
0.2503979504108429,0.7496020793914795,27.16967380636581,F,Caucasian,Less than 25,Male
0.4641766846179962,0.5358232855796814,13.163556563786651,F,Asian,25 - 45,Male
0.717706561088562,0.282293438911438,13.668814171115022,M,Other,Less than 25,Female
0.45580804347991943,0.5441918969154358,13.140099994407166,F,African-American,Greater than 45,Male
0.21405956149101257,0.7859404683113098,14.024145766182505,F,Native American,25 - 45,Female
0.6470568180084229,0.35294318199157715,8.251176235832293,F,Caucasian,25 - 45,Female
0.17999719083309174,0.8200027942657471,36.04229175457083,F,Caucasian,25 - 45,Female
0.02246376872062683,0.9775362610816956,33.75916542139965,F,Hispanic,Less than 25,Male
0.4188325107097626,0.581167459487915,11.54875954198817,F,Native American,Less than 25,Male
0.24964222311973572,0.7503577470779419,17.636971925553205,M,African-American,25 - 45,Male
0.9149139523506165,0.08508605509996414,4.640092593668394,M,Asian,25 - 45,Male
0.6999467015266418,0.30005326867103577,15.045256947295314,F,Caucasian,Greater than 45,Female
0.10603389143943787,0.8939661383628845,34.632083152723894,F,Caucasian,25 - 45,Male
0.8667914271354675,0.13320855796337128,10.99751117105898,F,Other,25 - 45,Female
0.15589216351509094,0.8441078662872314,26.908337214404884,F,African-American,Greater than 45,Male
0.08603917062282562,0.913960874080658,35.44572393383889,F,Asian,25 - 45,Female
0.4652523696422577,0.5347476601600647,22.128353202590123,F,Other,25 - 45,Male
0.24972756206989288,0.7502724528312683,30.093462370344188,M,Other,25 - 45,Female
0.6649689078330994,0.33503109216690063,1.3350968058411596,F,Hispanic,25 - 45,Female
0.4012533128261566,0.598746657371521,8.582580797040068,M,Other,Less than 25,Male
0.39521533250808716,0.6047846674919128,34.361679097557435,F,Asian,Greater than 45,Female
0.6279902458190918,0.372009813785553,37.525723311372666,M,Other,25 - 45,Male
0.08143432438373566,0.9185656905174255,37.17237402266247,F,African-American,Less than 25,Female
0.6810737252235413,0.31892630457878113,15.780875895796331,F,Other,Less than 25,Male
0.5133069753646851,0.4866931140422821,0.688489601555242,F,Asian,Less than 25,Female
0.5921556353569031,0.40784430503845215,13.538723538499676,M,Native American,25 - 45,Female
0.33418354392051697,0.6658164262771606,17.058957885694035,M,Other,Less than 25,Female
0.47145986557006836,0.5285401940345764,13.947129851490132,M,Native American,25 - 45,Male
0.09698370844125748,0.9030163288116455,29.869791485972485,M,Hispanic,Less than 25,Male
0.5467322468757629,0.45326778292655945,16.111888183562602,M,African-American,25 - 45,Male
0.90968918800354,0.09031084179878235,1.9450618487616775,F,Other,25 - 45,Female
0.9094139337539673,0.09058602154254913,0.3578288441815034,F,Asian,25 - 45,Female
0.6222761869430542,0.3777238428592682,25.19784679909227,F,Native American,Greater than 45,Female
0.319314181804657,0.680685818195343,23.428454966052634,F,Caucasian,Greater than 45,Male
0.23443077504634857,0.7655692100524902,35.58706497859056,F,Caucasian,25 - 45,Female
0.366009384393692,0.6339905261993408,22.483417882712985,F,Caucasian,Greater than 45,Male
0.23602233827114105,0.7639777064323425,14.542979661493137,M,African-American,Less than 25,Male
0.874061644077301,0.12593837082386017,3.626562156367717,F,African-American,Less than 25,Male
0.9114038944244385,0.08859606087207794,0.3169412927609905,F,Hispanic,25 - 45,Female
0.36802926659584045,0.6319707036018372,24.423187410911332,F,Native American,Less than 25,Male
0.5903397798538208,0.4096601605415344,23.569621652719807,M,Other,Less than 25,Female
0.23013825714588165,0.7698616981506348,36.88548138478887,M,Asian,Less than 25,Female
0.06899386644363403,0.931006133556366,29.618406188941663,F,Hispanic,Less than 25,Male
0.46637681126594543,0.533623218536377,25.62830614303112,M,Caucasian,Less than 25,Male
0.8159392476081848,0.184060737490654,2.8162236221179158,M,African-American,Less than 25,Female
0.1326151341199875,0.8673848509788513,36.86121869290075,F,Native American,Greater than 45,Female
0.2849988043308258,0.7150011658668518,34.604016766540255,F,Hispanic,25 - 45,Female
0.719042181968689,0.28095778822898865,20.180766667966918,M,Other,25 - 45,Female
0.16527189314365387,0.8347281217575073,31.471411763056658,F,Other,Less than 25,Male
0.21034479141235352,0.7896551489830017,37.64233422294817,M,Caucasian,Greater than 45,Female
0.3396551012992859,0.6603448987007141,33.095598084438876,M,African-American,25 - 45,Female
0.5736856460571289,0.4263143837451935,18.55828940856487,M,Other,25 - 45,Female
0.14289133250713348,0.8571086525917053,15.122994152195664,M,Native American,Less than 25,Male
0.4076029360294342,0.5923970937728882,24.170284331615775,F,Asian,Greater than 45,Female
0.8169154524803162,0.18308459222316742,8.873757743542654,M,Native American,Greater than 45,Female
0.3364155888557434,0.6635844111442566,32.619258410404164,F,African-American,Less than 25,Female
0.18357232213020325,0.8164276480674744,36.823509183998425,M,Caucasian,Greater than 45,Female
0.06641498953104019,0.9335850477218628,33.1698159970487,M,Caucasian,25 - 45,Male
0.5530311465263367,0.44696879386901855,24.64467810780655,M,Asian,25 - 45,Female
0.19005809724330902,0.8099418878555298,19.111758063653923,F,African-American,Less than 25,Male
0.7658546566963196,0.2341454178094864,2.3322646241971423,F,Hispanic,25 - 45,Male
0.2475631982088089,0.7524368166923523,6.818218953206579,F,African-American,Less than 25,Male
0.9206289649009705,0.07937102764844894,12.822172186428286,M,Other,Greater than 45,Female
0.11355459690093994,0.8864453434944153,34.46789356436001,M,Asian,Less than 25,Female
0.1984020322561264,0.8015979528427124,13.684499144788186,F,Native American,Less than 25,Male
0.7330803275108337,0.26691970229148865,4.018529390556657,M,Asian,Less than 25,Female
0.7269414663314819,0.27305853366851807,11.52477282275039,M,Native American,Less than 25,Male
0.5944555997848511,0.4055444300174713,7.818336162971248,F,Native American,25 - 45,Female
0.14171400666236877,0.8582860231399536,36.477582406296285,M,Other,Less than 25,Female
0.7251918315887451,0.2748081684112549,23.58970279231467,F,African-American,Greater than 45,Male
0.6394713521003723,0.3605286478996277,21.644945190109144,F,Native American,Greater than 45,Female
0.9009047746658325,0.09909524768590927,4.889336022473232,F,Native American,25 - 45,Male
0.8280165195465088,0.1719835102558136,2.055650728537998,F,Native American,Greater than 45,Male
0.23748977482318878,0.7625101804733276,29.575887412188074,F,Native American,Greater than 45,Male
0.32536494731903076,0.6746350526809692,33.16898005576594,F,Asian,Less than 25,Male
0.888116180896759,0.11188381165266037,9.942017073410586,M,Other,Greater than 45,Female
0.354525625705719,0.645474374294281,19.173279429755674,M,Native American,Less than 25,Female
0.8713576197624207,0.12864236533641815,10.547642570640164,F,Asian,Greater than 45,Female
0.11162037402391434,0.8883796334266663,29.141925382053174,M,Caucasian,Less than 25,Male
0.5383048057556152,0.46169525384902954,11.553797590034328,M,African-American,25 - 45,Female
0.28272342681884766,0.7172766327857971,23.0056351081686,M,Native American,25 - 45,Male
0.6390880942344666,0.36091193556785583,9.203409968377398,F,Caucasian,Greater than 45,Female
0.8965116739273071,0.10348834097385406,5.36418109146168,M,Other,Greater than 45,Female
0.07637093961238861,0.9236290454864502,32.76035066230362,F,Caucasian,Less than 25,Female
0.5915423631668091,0.4084576964378357,5.108588672813282,F,African-American,25 - 45,Male
0.7115976214408875,0.28840237855911255,8.098647279132356,M,Asian,25 - 45,Female
0.8660235404968262,0.13397641479969025,5.0828774534120535,M,Caucasian,Less than 25,Male
0.8389240503311157,0.16107594966888428,4.398605385368389,F,Hispanic,Greater than 45,Male
0.05558151751756668,0.9444184303283691,31.71751688254042,F,Native American,Less than 25,Female
0.9469500184059143,0.053049977868795395,0.5690149538540326,F,Asian,25 - 45,Female
0.2759944796562195,0.7240055799484253,16.76937710163347,M,Native American,25 - 45,Female
0.8226847052574158,0.17731532454490662,16.57115308575463,F,Caucasian,Greater than 45,Female
0.9492963552474976,0.05070364102721214,5.391741144796475,F,Asian,Greater than 45,Female
0.14245155453681946,0.8575484752655029,36.863302197882845,F,Hispanic,Greater than 45,Female
0.08087140321731567,0.9191285967826843,27.745666753226047,F,African-American,Less than 25,Female
0.5771880149841309,0.42281201481819153,24.740939290631644,F,Native American,Less than 25,Male
0.24979449808597565,0.7502055764198303,24.91755220368831,M,Asian,Greater than 45,Male
0.6403661966323853,0.35963380336761475,17.734173528227455,F,Asian,Less than 25,Male
0.5951628088951111,0.4048372209072113,8.180542210137563,M,Other,Less than 25,Female
0.7775576114654541,0.2224423885345459,12.780288868199797,F,Asian,25 - 45,Female
0.860434889793396,0.139565110206604,13.58383735885128,F,Caucasian,Greater than 45,Female
0.16118548810482025,0.8388144969940186,30.48640427741982,M,African-American,Less than 25,Male
0.7937132716178894,0.20628666877746582,10.561354465388971,F,Caucasian,25 - 45,Female
0.2914870083332062,0.7085129618644714,15.266988439780931,M,Native American,Less than 25,Male
0.1942577064037323,0.8057423233985901,23.204860527768876,F,Caucasian,25 - 45,Male
0.7942380309104919,0.20576196908950806,1.8602295230591848,M,Asian,Less than 25,Male
0.7375863790512085,0.2624136507511139,23.209124313215145,M,Asian,25 - 45,Female
0.9043594002723694,0.09564056992530823,5.182873977013019,F,Caucasian,25 - 45,Male
0.08206189423799515,0.9179381132125854,34.60902003462873,M,African-American,25 - 45,Female
0.031009109690785408,0.9689908623695374,36.02617259635998,F,African-American,25 - 45,Female
0.6470681428909302,0.3529318571090698,19.776652690899674,M,Hispanic,Greater than 45,Female
0.579258918762207,0.42074108123779297,12.381743917553553,M,Caucasian,Less than 25,Male
0.7990190982818604,0.20098096132278442,0.7944811932527895,F,Other,25 - 45,Male
0.47208383679389954,0.5279161930084229,7.204325622993709,F,Caucasian,Greater than 45,Female
0.27473166584968567,0.7252683043479919,32.721899767147214,F,African-American,25 - 45,Female
0.2238059639930725,0.7761939764022827,30.842022955353812,F,Asian,Greater than 45,Male
0.30788373947143555,0.6921163201332092,29.756315750612632,M,Asian,Less than 25,Male
0.6200948357582092,0.37990522384643555,1.0978145647271913,M,Other,Less than 25,Female
0.13761137425899506,0.8623886704444885,28.243604844763222,F,African-American,Less than 25,Male
0.3970952332019806,0.6029047966003418,14.936869881385944,F,Asian,Less than 25,Male
0.1334034949541092,0.8665964603424072,2.9880679624727606,F,Native American,Less than 25,Male
0.1025596335530281,0.8974403142929077,30.119845539268265,F,African-American,Greater than 45,Male
0.6743676066398621,0.32563236355781555,14.560784957303028,M,Caucasian,Greater than 45,Female
0.051206305623054504,0.9487937092781067,37.52560368537718,F,Hispanic,Greater than 45,Male
0.5082687735557556,0.491731196641922,21.467767445528857,M,Native American,Less than 25,Female
0.8300208449363708,0.16997916996479034,0.565151267824129,F,Caucasian,25 - 45,Male
0.5385020971298218,0.4614979028701782,17.872514568081762,F,Native American,Greater than 45,Male
